{"22.0": 1.0244, "22.1": 0.8856, "22.2": 1.1115000000000002, "22.3": 0.8940000000000001, "22.4": 1.1215, "22.5": 0.902, "22.6": 0.9052, "22.7": 0.91, "22.8": 0.9131999999999999, "22.9": 1.147, "23.0": 1.151, "23.1": 1.157, "23.2": 1.1615, "23.3": 1.167, "23.4": 1.171, "23.5": 0.9416, "23.6": 1.1820000000000002, "23.7": 1.187, "23.8": 1.1915, "23.9": 1.197, "24.0": 1.202, "24.1": 1.2085000000000001, "24.2": 1.2125000000000001, "24.3": 1.2185000000000001, "24.4": 1.2225000000000001, "24.5": 1.4735999999999998, "24.6": 1.4784, "24.7": 1.2380000000000002, "24.8": 1.4891999999999999, "24.9": 1.4976, "25.0": 1.5024, "25.1": 1.509, "25.2": 1.5143999999999997, "25.3": 1.5222, "25.4": 1.527, "25.5": 1.7899000000000003, "25.6": 1.7955, "25.7": 1.8039, "25.8": 1.8102, "25.9": 1.8186000000000002, "26.0": 1.8249000000000002, "26.1": 2.0944, "26.2": 1.8382000000000003, "26.3": 2.1104, "26.4": 2.1168, "26.5": 2.1264, "26.6": 2.1328, "26.7": 2.1424000000000003, "26.8": 2.1488, "26.9": 2.1576, "27.0": 2.4345, "27.1": 2.7170000000000005, "27.2": 2.7260000000000004, "27.3": 2.7390000000000003, "27.4": 2.745, "27.5": 3.0327, "27.6": 3.0437000000000003, "27.7": 3.0580000000000003, "27.8": 3.3455999999999997, "27.9": 3.36, "28.0": 3.3695999999999997, "28.1": 3.666, "28.2": 3.6764, "28.3": 3.976, "28.4": 3.9858000000000002, "28.5": 4.2885, "28.6": 4.5872, "28.7": 4.6064, "28.8": 4.9096, "28.9": 5.2181999999999995, "29.0": 5.2326, "29.1": 5.5461, "29.2": 5.856000000000001, "29.3": 6.1739999999999995, "29.4": 6.49, "29.5": 7.1064, "29.6": 7.4225, "29.7": 7.7505999999999995, "29.8": 8.3664, "29.9": 9.006, "30.0": 9.3279, "30.1": 10.268, "30.2": 10.6015, "30.3": 11.2591, "30.4": 11.59, "30.5": 12.5542, "30.6": 13.2053, "30.7": 13.5608, "30.8": 14.8368, "30.9": 15.2096, "31.0": 15.8661, "31.1": 17.182000000000002, "31.2": 17.8524, "31.3": 18.2178, "31.4": 19.2272, "31.5": 20.5595, "31.6": 21.245700000000003, "31.7": 21.9696, "31.8": 23.308899999999998, "31.9": 24.03, "32.0": 25.069200000000002, "32.1": 26.7675, "32.2": 27.4975, "32.3": 28.556, "32.4": 29.286, "32.5": 31.026999999999994, "32.6": 32.0852, "32.7": 33.1886, "32.8": 34.916399999999996, "32.9": 36.0354, "33.0": 36.7854, "33.1": 38.5932, "33.2": 39.7103, "33.3": 40.8456, "33.4": 41.9625, "33.5": 44.1339, "33.6": 44.9008, "33.7": 46.4019, "33.8": 48.237399999999994, "33.9": 49.7568, "34.0": 50.898399999999995, "34.1": 53.134, "34.2": 54.2888, "34.3": 55.8576, "34.4": 57.386199999999995, "34.5": 59.3028, "34.6": 60.4824, "34.7": 62.1042, "34.8": 62.891999999999996, "34.9": 65.23020000000001, "35.0": 66.842, "35.1": 68.4626, "35.2": 71.1339, "35.3": 73.1506, "35.4": 73.6506, "35.5": 75.68400000000001, "35.6": 76.59060000000001, "35.7": 74.02720000000001, "35.8": 74.2995, "35.9": 74.655, "36,0": 76.893}